{"graph": {"_type": "graph-file", "path": "media/graph/graph_summary_4b69bdf9.graph.json", "sha256": "4b69bdf92298de994bb7f1fdccf4098dfcd3e69eac30594184b8382353793fd1", "size": 2940}, "epoch": 2, "loss": 0.14424602687358856, "accuracy": 0.4089081287384033, "lr": 0.0010000000474974513, "_runtime": 17, "_timestamp": 1622109960, "_step": 2}