{"graph": {"_type": "graph-file", "path": "media/graph/graph_summary_4b69bdf9.graph.json", "sha256": "4b69bdf92298de994bb7f1fdccf4098dfcd3e69eac30594184b8382353793fd1", "size": 2940}, "epoch": 9, "loss": 0.14426951110363007, "accuracy": 0.3319506049156189, "lr": 0.0010000000474974513, "_runtime": 24, "_timestamp": 1622219198, "_step": 9}