{"graph": {"_type": "graph-file", "path": "media/graph/graph_summary_4b69bdf9.graph.json", "sha256": "4b69bdf92298de994bb7f1fdccf4098dfcd3e69eac30594184b8382353793fd1", "size": 2940}, "epoch": 1, "loss": 0.1442868858575821, "accuracy": 0.36564475297927856, "lr": 0.0010000000474974513, "_runtime": 7, "_timestamp": 1622218295, "_step": 1}