{"graph": {"_type": "graph-file", "path": "media/graph/graph_summary_4b69bdf9.graph.json", "sha256": "4b69bdf92298de994bb7f1fdccf4098dfcd3e69eac30594184b8382353793fd1", "size": 2940}, "epoch": 0, "loss": 0.14434078335762024, "accuracy": 0.30014553666114807, "lr": 0.0010000000474974513, "_runtime": 5, "_timestamp": 1622113551, "_step": 0}