{"graph": {"_type": "graph-file", "path": "media/graph/graph_summary_4b69bdf9.graph.json", "sha256": "4b69bdf92298de994bb7f1fdccf4098dfcd3e69eac30594184b8382353793fd1", "size": 2940}, "epoch": 2, "loss": 0.14426542818546295, "accuracy": 0.41521432995796204, "lr": 0.0010000000474974513, "_runtime": 9, "_timestamp": 1622216645, "_step": 2}