{"graph": {"_type": "graph-file", "path": "media/graph/graph_summary_2b474eec.graph.json", "sha256": "2b474eec49529a64447f909134e5ac09f11c965d00f8d06d2292f592ffc72140", "size": 806}, "epoch": 0, "loss": 0.8504480719566345, "accuracy": 0.0, "lr": 0.0010000000474974513, "_runtime": 34, "_timestamp": 1622122010, "_step": 0}