{"graph": {"_type": "graph-file", "path": "media/graph/graph_summary_4b69bdf9.graph.json", "sha256": "4b69bdf92298de994bb7f1fdccf4098dfcd3e69eac30594184b8382353793fd1", "size": 2940}, "epoch": 1, "loss": 0.14425642788410187, "accuracy": 0.3405921459197998, "lr": 0.0010000000474974513, "_runtime": 6, "_timestamp": 1622218343, "_step": 1}